Links,Picks,Name,Year,Pos
/players/Y/YounBr01.htm,1,Bryce Young,2023,QB
/players/S/StroCJ00.htm,2,C.J. Stroud,2023,QB
/players/A/AndeWi01.htm,3,Will Anderson Jr.,2023,LB
/players/R/RichAn03.htm,4,Anthony Richardson,2023,QB
/players/W/WithDe00.htm,5,Devon Witherspoon,2023,DB
/players/J/JohnPa03.htm,6,Paris Johnson Jr.,2023,OL
/players/W/WilsTy01.htm,7,Tyree Wilson,2023,OLB
/players/R/RobiBi01.htm,8,Bijan Robinson,2023,RB
/players/C/CartJa05.htm,9,Jalen Carter,2023,DL
/players/W/WrigDa00.htm,10,Darnell Wright,2023,OL
/players/S/SkorPe00.htm,11,Peter Skoronski,2023,OL
/players/G/GibbJa01.htm,12,Jahmyr Gibbs,2023,RB
/players/V/VanxLu00.htm,13,Lukas Van Ness,2023,DL
/players/J/JoneBr09.htm,14,Broderick Jones,2023,OL
/players/M/McDoWi00.htm,15,Will McDonald IV,2023,DE
/players/F/ForbEm00.htm,16,Emmanuel Forbes,2023,CB
/players/G/GonzCh00.htm,17,Christian Gonzalez,2023,DB
/players/C/CampJa04.htm,18,Jack Campbell,2023,LB
/players/K/KancCa00.htm,19,Calijah Kancey,2023,DL
/players/S/SmitJa06.htm,20,Jaxon Smith-Njigba,2023,WR
/players/J/JohnQu02.htm,21,Quentin Johnston,2023,WR
/players/F/FlowZa00.htm,22,Zay Flowers,2023,WR
/players/A/AddiJo00.htm,23,Jordan Addison,2023,WR
/players/B/BankDe00.htm,24,Deonte Banks,2023,DB
/players/K/KincDa00.htm,25,Dalton Kincaid,2023,TE
/players/S/SmitMa06.htm,26,Mazi Smith,2023,DL
/players/H/HarrAn00.htm,27,Anton Harrison,2023,OL
/players/M/MurpMy00.htm,28,Myles Murphy,2023,DE
/players/B/BresBr00.htm,29,Bryan Bresee,2023,DT
/players/S/SmitNo02.htm,30,Nolan Smith,2023,OLB
/players/A/AnudFe00.htm,31,Felix Anudike-Uzomah,2023,DE
/players/P/PortJo02.htm,32,Joey Porter Jr.,2023,CB
/players/L/LeviWi00.htm,33,Will Levis,2023,QB
/players/L/LaPoSa01.htm,34,Sam LaPorta,2023,TE
/players/M/MayeMi00.htm,35,Michael Mayer,2023,TE
/players/A/AvilSt00.htm,36,Steve Avila,2023,C
/players/H/HallDe04.htm,37,Derick Hall,2023,DE
/players/B/BergMa00.htm,38,Matthew Bergeron,2023,OL
/players/M/MingJo00.htm,39,Jonathan Mingo,2023,WR
/players/F/FoskIs00.htm,40,Isaiah Foskey,2023,DL
/players/O/OjulBJ00.htm,41,BJ Ojulari,2023,DE
/players/M/MusgLu00.htm,42,Luke Musgrave,2023,TE
/players/T/TippJo00.htm,43,Joe Tippmann,2023,OL
/players/B/BrenJu00.htm,44,Julius Brents,2023,DB
/players/B/BranBr00.htm,45,Brian Branch,2023,DB
/players/W/WhitKe03.htm,46,Keion White,2023,DL
/players/M/MartJa04.htm,47,Jartavius Martin,2023,DB
/players/M/MaucCo00.htm,48,Cody Mauch,2023,T
/players/B/BentKe00.htm,49,Keeanu Benton,2023,NT
/players/R/ReedJa03.htm,50,Jayden Reed,2023,WR
/players/S/SmitCa02.htm,51,Cam Smith,2023,DB
/players/C/CharZa00.htm,52,Zach Charbonnet,2023,RB
/players/D/DextGe00.htm,53,Gervon Dexter Sr.,2023,DL
/players/T/TuipTu00.htm,54,Tuli Tuipulotu,2023,DL
/players/R/RiceRa01.htm,55,Rashee Rice,2023,WR
/players/S/StevTy01.htm,56,Tyrique Stevenson,2023,CB
/players/M/MichJo00.htm,57,John Michael Schmitz,2023,OL
/players/S/SchoLu00.htm,58,Luke Schoonmaker,2023,TE
/players/T/TorrOC00.htm,59,O'Cyrus Torrence,2023,OL
/players/T/TurnDJ01.htm,60,DJ Turner II,2023,DB
/players/S/StraBr00.htm,61,Brenton Strange,2023,TE
/players/S/ScruJu00.htm,62,Juice Scruggs,2023,OL
/players/M/MimsMa00.htm,63,Marvin Mims Jr.,2023,WR
/players/P/PickZa00.htm,64,Zacch Pickens,2023,DL
/players/S/SteeTy00.htm,65,Tyler Steen,2023,OL
/players/B/BrowSy00.htm,66,Sydney Brown,2023,DB
/players/S/SandDr00.htm,67,Drew Sanders,2023,LB
/players/H/HookHe00.htm,68,Hendon Hooker,2023,QB
/players/D/DellNa00.htm,69,Nathaniel Dell,2023,WR
/players/Y/YounBy00.htm,70,Byron Young,2023,DL
/players/M/MillKe01.htm,71,Kendre Miller,2023,RB
/players/W/WillGa00.htm,72,Garrett Williams,2023,DB
/players/H/HyatJa00.htm,73,Jalin Hyatt,2023,WR
/players/T/TillCe01.htm,74,Cedric Tillman,2023,WR
/players/H/HarrZa00.htm,75,Zach Harrison,2023,DE
/players/M/MapuMa00.htm,76,Marte Mapu,2023,DB
/players/Y/YounBy01.htm,77,Byron Young,2023,LB
/players/K/KrafTu00.htm,78,Tucker Kraft,2023,TE
/players/D/DownJo00.htm,79,Josh Downs,2023,WR
/players/J/JohnDJ00.htm,80,DJ Johnson,2023,OLB
/players/S/SpeaTy00.htm,81,Tyjae Spears,2023,RB
/players/D/DiabYa00.htm,82,YaYa Diaby,2023,DL
/players/M/MossRi00.htm,83,Riley Moss,2023,DB
/players/A/AchaDe00.htm,84,Devon Achane,2023,RB
/players/H/HenlDa00.htm,85,Daiyan Henley,2023,LB
/players/S/SimpTr00.htm,86,Trenton Simpson,2023,LB
/players/B/BrowJi01.htm,87,Ji'Ayir Brown,2023,SAF
/players/B/BigsTa00.htm,88,Tank Bigsby,2023,RB
/players/T/TurnKo00.htm,89,Kobie Turner,2023,DT
/players/O/OverDe00.htm,90,DeMarvion Overshown,2023,LB
/players/W/WillDo04.htm,91,Dorian Williams,2023,LB
/players/M/MorrWa01.htm,92,Wanya Morris,2023,OL
/players/W/WashDa03.htm,93,Darnell Washington,2023,TE
/players/W/WilsMi02.htm,94,Michael Wilson,2023,WR
/players/B/BattJo00.htm,95,Jordan Battle,2023,DB
/players/M/MartBr00.htm,96,Brodric Martin,2023,DT
/players/S/StroRi01.htm,97,Ricky Stromberg,2023,OL
/players/I/IkaxSi00.htm,98,Siaki Ika,2023,DL
/players/M/MoodJa00.htm,99,Jake Moody,2023,K
/players/T/TuckTr00.htm,100,Tre Tucker,2023,WR
/players/L/LatuCa01.htm,101,Cameron Latu,2023,TE
/players/B/BlacMe00.htm,102,Mekhi Blackmon,2023,CB
/players/S/SaldNi00.htm,103,Nick Saldiveri,2023,OL
/players/B/BennJa00.htm,104,Jakorian Bennett,2023,DB
/players/R/RingKe00.htm,105,Kelee Ringo,2023,DB
/players/F/FreeBl00.htm,106,Blake Freeland,2023,OL
/players/A/AndrJa00.htm,107,Jake Andrews,2023,OL
/players/B/BradAn00.htm,108,Anthony Bradford,2023,OL
/players/H/HortDy00.htm,109,Dylan Horton,2023,DL
/players/A/AdebAd00.htm,110,Adetomiwa Adebawore,2023,DL
/players/J/JoneDa07.htm,111,Dawand Jones,2023,OL
/players/R/RylaCh00.htm,112,Chad Ryland,2023,K
/players/P/PhilCl00.htm,113,Clark Phillips III,2023,CB
/players/Z/ZavaCh00.htm,114,Chandler Zavala,2023,G
/players/J/JohnRo07.htm,115,Roschon Johnson,2023,RB
/players/W/WoodCo01.htm,116,Colby Wooden,2023,DE
/players/S/SowxSi00.htm,117,Sidy Sow,2023,OL
/players/D/DaniBr00.htm,118,Braeden Daniels,2023,OL
/players/C/ConnCh01.htm,119,Chamarri Conner,2023,DB
/players/W/WarrCa00.htm,120,Carter Warren,2023,OL
/players/M/MillVe00.htm,121,Ventrell Miller,2023,LB
/players/G/GainJo00.htm,122,Jon Gaines,2023,OL
/players/Y/YounCa00.htm,123,Cameron Young,2023,DT
/players/R/RobiTa00.htm,124,Tavius Robinson,2023,DE
/players/D/DaviDe02.htm,125,Derius Davis,2023,WR
/players/M/McGuIs00.htm,126,Isaiah McGuire,2023,DL
/players/H/HaenJa00.htm,127,Jake Haener,2023,QB
/players/B/BennSt00.htm,128,Stetson Bennett,2023,QB
/players/F/FehoVi00.htm,129,Viliami Fehoko,2023,DL
/players/L/LacyTy00.htm,130,Tyler Lacy,2023,DE
/players/J/JoneCh11.htm,131,Charlie Jones,2023,WR
/players/H/HerbNi00.htm,132,Nick Herbig,2023,OLB
/players/S/ScotTy00.htm,133,Tyler Scott,2023,WR
/players/W/WardJa00.htm,134,Jay Ward,2023,SAF
/players/O/OConAi00.htm,135,Aidan O'Connell,2023,QB
/players/A/AbduYa00.htm,136,Yasir Abdullah,2023,LB
/players/H/HenrKJ00.htm,137,K.J. Henry,2023,DE
/players/R/RushDa00.htm,138,Darius Rush,2023,DB
/players/T/TuneCl00.htm,139,Clayton Tune,2023,QB
/players/T/ThomDo02.htm,140,Dorian Thompson-Robinson,2023,QB
/players/R/RoyxJa00.htm,141,Jaquelin Roy,2023,DT
/players/M/MitcCa01.htm,142,Cameron Mitchell,2023,DB
/players/A/AbanIs00.htm,143,Israel Abanikanda,2023,RB
/players/M/MafiAt00.htm,144,Atonio Mafi,2023,OL
/players/R/RobiJa03.htm,145,Jammie Robinson,2023,DB
/players/H/HowdJo00.htm,146,Jordan Howden,2023,DB
/players/W/WhylJo01.htm,147,Josh Whyle,2023,TE
/players/S/SeweNo00.htm,148,Noah Sewell,2023,LB
/players/C/ClifSe00.htm,149,Sean Clifford,2023,QB
/players/S/ShorJu00.htm,150,Justin Shorter,2023,WR
/players/M/MorrMi00.htm,151,Mike Morris,2023,DE
/players/S/SorsCo00.htm,152,Colby Sorsdal,2023,OL
/players/D/DennSi00.htm,153,SirVocea Dennis,2023,LB
/players/O/OluwOl00.htm,154,Olusegun Oluwatimi,2023,C
/players/L/LuteDa00.htm,155,Darrell Luter Jr.,2023,CB
/players/M/McFaJo00.htm,156,Jordan McFadden,2023,OL
/players/B/BluxKy00.htm,157,Kyu Blu Kelly,2023,CB
/players/S/ScotDa03.htm,158,Daniel Scott,2023,SAF
/players/W/WickDo00.htm,159,Dontayvion Wicks,2023,WR
/players/J/JohnAn07.htm,160,Antonio Johnson,2023,DB
/players/H/HampNi00.htm,161,Nick Hampton,2023,OLB
/players/M/MallWi00.htm,162,Will Mallory,2023,TE
/players/B/BrowCh10.htm,163,Chase Brown,2023,RB
/players/H/HallJa00.htm,164,Jaren Hall,2023,QB
/players/S/SmitTe05.htm,165,Terell Smith,2023,DB
/players/T/ThomBJ00.htm,166,BJ Thompson,2023,DE
/players/T/TooTHe00.htm,167,Henry To'oTo'o,2023,LB
/players/P/PappOw00.htm,168,Owen Pappoe,2023,LB
/players/R/RichAs00.htm,169,Asim Richards,2023,OL
/players/S/SmitCh04.htm,170,Christopher Smith II,2023,DB
/players/D/DurhPa00.htm,171,Payne Durham,2023,TE
/players/G/GrayEr01.htm,172,Eric Gray,2023,RB
/players/B/BealRo00.htm,173,Robert Beal,2023,OLB
/players/M/McClWa00.htm,174,Warren McClendon Jr.,2023,OL
/players/A/AlleDa02.htm,175,Davis Allen,2023,TE
/players/H/HullEv00.htm,176,Evan Hull,2023,RB
/players/N/NacuPu00.htm,177,Puka Nacua,2023,WR
/players/S/ScotEr00.htm,178,Eric Scott,2023,DB
/players/B/BrooKa00.htm,179,Karl Brooks,2023,DT
/players/C/ClarKe02.htm,180,Kei'Trel Clark,2023,DB
/players/H/HayeJo01.htm,181,Josh Hayes,2023,CB
/players/H/HodgTr00.htm,182,Tre'Vius Hodges-Tomlinson,2023,CB
/players/S/SkinJL00.htm,183,JL Skinner,2023,SAF
/players/B/BarnZa00.htm,184,Zaire Barnes,2023,LB
/players/W/WashPa01.htm,185,Parker Washington,2023,WR
/players/D/DuncJa00.htm,186,Jaelyn Duncan,2023,OL
/players/B/BoutKa00.htm,187,Kayshon Boutte,2023,WR
/players/M/McKeTa01.htm,188,Tanner McKee,2023,QB
/players/M/MathOc00.htm,189,Ochaun Mathis,2023,DE
/players/W/WyplLu00.htm,190,Luke Wypler,2023,OL
/players/P/PalmTr00.htm,191,Trey Palmer,2023,WR
/players/B/BariBr00.htm,192,Bryce Baringer,2023,P
/players/R/RodrCh00.htm,193,Chris Rodriguez,2023,RB
/players/C/CobuKe00.htm,194,Keondre Coburn,2023,DT
/players/P/PerrAT00.htm,195,A.T. Perry,2023,WR
/players/R/RamiJo00.htm,196,Jose Ramirez,2023,DL
/players/H/HiggEl00.htm,197,Elijah Higgins,2023,WR
/players/R/ReedJe00.htm,198,Jerrick Reed,2023,SAF
/players/A/AumaMa00.htm,199,Malaesala Aumavae-Laulu,2023,OL
/players/M/MatlSc00.htm,200,Scott Matlock,2023,DT
/players/P/PattJa03.htm,201,Jarrett Patterson,2023,OL
/players/B/BrasCh00.htm,202,Christian Braswell,2023,DB
/players/B/BurnAm00.htm,203,Amari Burney,2023,LB
/players/B/BernJa01.htm,204,Jarrick Bernard-Converse,2023,CB
/players/H/HutcXa00.htm,205,Xavier Hutchinson,2023,WR
/players/I/IosiAn00.htm,206,Andrei Iosivas,2023,WR
/players/C/CarlAn00.htm,207,Anders Carlson,2023,K
/players/H/HallEr00.htm,208,Erick Hallett,2023,DB
/players/H/HawkTr00.htm,209,Tre Hawkins,2023,CB
/players/D/DougDe00.htm,210,Demario Douglas,2023,WR
/players/L/LeoxTi00.htm,211,Titus Leo,2023,LB
/players/V/VaugDe00.htm,212,Deuce Vaughn,2023,RB
/players/S/StilDa01.htm,213,Dante Stills,2023,DT
/players/S/SpeeAm00.htm,214,Ameer Speed,2023,CB
/players/E/EvanZa00.htm,215,Zach Evans,2023,RB
/players/W/WintDe00.htm,216,Dee Winters,2023,LB
/players/R/RobbBr00.htm,217,Brad Robbins,2023,P
/players/B/BellTr01.htm,218,Travis Bell,2023,DL
/players/G/GreeAn00.htm,219,Antoine Green,2023,WR
/players/K/KuntZa00.htm,220,Zack Kuntz,2023,TE
/players/J/JoneJa13.htm,221,Jaylon Jones,2023,DB
/players/M/McBrDe00.htm,222,DeWayne McBride,2023,RB
/players/E/EvanEt00.htm,223,Ethan Evans,2023,P
/players/H/HellDe00.htm,224,DeMarcco Hellams,2023,DB
/players/G/GwynJo00.htm,225,Jovaughn Gwyn,2023,OL
/players/H/HodgCo00.htm,226,Cooper Hodges,2023,OL
/players/V/VohaRa00.htm,227,Raymond Vohasek,2023,DT
/players/D/DoweCo00.htm,228,Colton Dowell,2023,WR
/players/V/VorhAn00.htm,229,Andrew Vorhees,2023,OL
/players/B/BroeNi00.htm,230,Nick Broeker,2023,OL
/players/J/JadeNe00.htm,231,Nesta Jade Silvera,2023,DT
/players/V/ValeCa00.htm,232,Carrington Valentine,2023,DB
/players/J/JoneAn02.htm,233,Andre Jones,2023,DE
/players/T/TaylJa05.htm,234,Jason Taylor,2023,SAF
/players/N/NichLe00.htm,235,Lew Nichols,2023,RB
/players/W/WittJa01.htm,236,Jake Witt,2023,OL
/players/M/McInKe00.htm,237,Kenny McIntosh,2023,RB
/players/H/HayeRy00.htm,238,Ryan Hayes,2023,OL
/players/D/DuggMa00.htm,239,Max Duggan,2023,QB
/players/P/PariDe00.htm,240,Derek Parish,2023,DL
/players/T/TricCo00.htm,241,Cory Trice Jr.,2023,CB
/players/J/JohnAn08.htm,242,Anthony Johnson Jr.,2023,DB
/players/R/RileJo00.htm,243,Jordon Riley,2023,DL
/players/B/BrooJa03.htm,244,Jalen Brooks,2023,WR
/players/B/BoldIs00.htm,245,Isaiah Bolden,2023,CB
/players/I/IveyDJ00.htm,246,DJ Ivey,2023,CB
/players/W/WillBr06.htm,247,Brayden Willis,2023,TE
/players/H/HillBr03.htm,248,Brandon Hill,2023,DB
/players/O/OjomMo00.htm,249,Moro Ojomo,2023,DE
/players/J/JoneNi00.htm,250,Nic Jones,2023,CB
/players/A/AndeSp00.htm,251,Spencer Anderson,2023,OL
/players/A/AustAl00.htm,252,Alex Austin,2023,DB
/players/B/BellRo01.htm,253,Ronnie Bell,2023,WR
/players/O/OwenGe00.htm,254,Gervarrius Owens,2023,DB
/players/G/GrahJa02.htm,255,Jalen Graham,2023,SAF
/players/D/DuboGr00.htm,256,Grant Dubose,2023,WR
/players/F/ForsAl00.htm,257,Alex Forsyth,2023,OL
/players/W/WillKe07.htm,258,Kendall Williamson,2023,SAF
/players/J/JohnDe08.htm,259,Desjuan Johnson,2023,DT
/players/W/WalkTr03.htm,1,Travon Walker,2022,DE
/players/H/HutcAi00.htm,2,Aidan Hutchinson,2022,DE
/players/S/StinDe00.htm,3,Derek Stingley Jr.,2022,CB
/players/G/GardSa00.htm,4,Sauce Gardner,2022,CB
/players/T/ThibKa00.htm,5,Kayvon Thibodeaux,2022,DE
/players/E/EkwoIk00.htm,6,Ikem Ekwonu,2022,T
/players/N/NealEv00.htm,7,Evan Neal,2022,OL
/players/L/LondDr00.htm,8,Drake London,2022,WR
/players/C/CrosCh00.htm,9,Charles Cross,2022,OL
/players/W/WilsGa00.htm,10,Garrett Wilson,2022,WR
/players/O/OlavCh00.htm,11,Chris Olave,2022,WR
/players/W/WillJa11.htm,12,Jameson Williams,2022,WR
/players/D/DaviJo03.htm,13,Jordan Davis,2022,DT
/players/H/HamiKy00.htm,14,Kyle Hamilton,2022,SAF
/players/G/GreeKe03.htm,15,Kenyon Green,2022,OL
/players/D/DotsJa00.htm,16,Jahan Dotson,2022,WR
/players/J/JohnZi00.htm,17,Zion Johnson,2022,G
/players/B/BurkTr00.htm,18,Treylon Burks,2022,WR
/players/P/PennTr00.htm,19,Trevor Penning,2022,T
/players/P/PickKe00.htm,20,Kenny Pickett,2022,QB
/players/M/McDuTr00.htm,21,Trent McDuffie,2022,CB
/players/W/WalkQu00.htm,22,Quay Walker,2022,LB
/players/E/ElamKa00.htm,23,Kaiir Elam,2022,CB
/players/S/SmitTy02.htm,24,Tyler Smith,2022,OL
/players/L/LindTy00.htm,25,Tyler Linderbaum,2022,OL
/players/J/JohnJe07.htm,26,Jermaine Johnson II,2022,LB
/players/L/LloyDe00.htm,27,Devin Lloyd,2022,LB
/players/W/WyatDe00.htm,28,Devonte Wyatt,2022,DT
/players/S/StraCo01.htm,29,Cole Strange,2022,OL
/players/K/KarlGe00.htm,30,George Karlaftis III,2022,DE
/players/H/HillDa04.htm,31,Daxton Hill,2022,DB
/players/C/CineLe00.htm,32,Lewis Cine,2022,DB
/players/H/HallLo00.htm,33,Logan Hall,2022,DE
/players/W/WatsCh00.htm,34,Christian Watson,2022,WR
/players/M/McCrRo01.htm,35,Roger McCreary,2022,CB
/players/H/HallBr03.htm,36,Breece Hall,2022,RB
/players/P/PitrJa00.htm,37,Jalen Pitre,2022,SAF
/players/E/EbikAr00.htm,38,Arnold Ebiketie,2022,DE
/players/G/GordKy00.htm,39,Kyler Gordon,2022,CB
/players/M/MafeBo00.htm,40,Boye Mafe,2022,DE
/players/W/WalkKe00.htm,41,Kenneth Walker III,2022,RB
/players/B/BootAn00.htm,42,Andrew Booth,2022,CB
/players/R/RobiWa01.htm,43,Wan'Dale Robinson,2022,WR
/players/M/MetcJo00.htm,44,John Metchie,2022,WR
/players/O/OjabDa00.htm,45,David Ojabo,2022,LB
/players/P/PascJo00.htm,46,Josh Paschal,2022,DE
/players/M/MathPh00.htm,47,Phidarian Mathis,2022,DT
/players/B/BrisJa01.htm,48,Jaquan Brisker,2022,SAF
/players/T/TaylAl01.htm,49,Alontae Taylor,2022,DB
/players/T/ThorTy00.htm,50,Tyquan Thornton,2022,WR
/players/J/JurgCa01.htm,51,Cam Jurgens,2022,OL
/players/P/PickGe00.htm,52,George Pickens,2022,WR
/players/P/PierAl00.htm,53,Alec Pierce,2022,WR
/players/M/MoorSk01.htm,54,Skyy Moore,2022,WR
/players/M/McBrTr01.htm,55,Trey McBride,2022,TE
/players/W/WillSa00.htm,56,Sam Williams,2022,DE
/players/G/GoedLu00.htm,57,Luke Goedeke,2022,OL
/players/A/AndeTr00.htm,58,Troy Andersen,2022,LB
/players/I/IngrEd00.htm,59,Ed Ingram,2022,G
/players/T/TaylCa01.htm,60,Cam Taylor-Britt,2022,CB
/players/J/JackDr01.htm,61,Drake Jackson,2022,OLB
/players/C/CookBr02.htm,62,Bryan Cook,2022,SAF
/players/C/CookJa01.htm,63,James Cook,2022,RB
/players/B/BoniNi00.htm,64,Nik Bonitto,2022,OLB
/players/F/FortLu01.htm,65,Luke Fortner,2022,G
/players/A/AsamBr00.htm,66,Brian Asamoah,2022,LB
/players/E/EzeuJo00.htm,67,Joshua Ezeudu,2022,OL
/players/E/EmerMa00.htm,68,Martin Emerson,2022,CB
/players/P/PetiNi00.htm,69,Nicholas Petit-Frere,2022,T
/players/M/MumaCh00.htm,70,Chad Muma,2022,LB
/players/J/JoneVe00.htm,71,Velus Jones Jr.,2022,WR
/players/L/LucaAb00.htm,72,Abraham Lucas,2022,OL
/players/W/WoodJe01.htm,73,Jelani Woods,2022,TE
/players/R/RiddDe00.htm,74,Desmond Ridder,2022,QB
/players/H/HarrCh06.htm,75,Christian Harris,2022,LB
/players/J/JoneTr00.htm,76,Travis Jones,2022,DT
/players/R/RaimBe00.htm,77,Bernhard Raimann,2022,OL
/players/W/WrigAl01.htm,78,Alex Wright,2022,DE
/players/W/WoodJT00.htm,79,JT Woods,2022,SAF
/players/D/DulcGr00.htm,80,Greg Dulcich,2022,TE
/players/F/FlotCo00.htm,81,Cordale Flott,2022,CB
/players/M/MaloDe00.htm,82,DeAngelo Malone,2022,DE
/players/D/DeanNa00.htm,83,Nakobe Dean,2022,LB
/players/L/LealDe00.htm,84,DeMarvin Leal,2022,DT
/players/J/JoneMa06.htm,85,Marcus Jones,2022,CB
/players/W/WillMa12.htm,86,Malik Willis,2022,QB
/players/T/ThomCa03.htm,87,Cameron Thomas,2022,DE
/players/T/TolbJa00.htm,88,Jalen Tolbert,2022,WR
/players/B/BernTe00.htm,89,Terrel Bernard,2022,LB
/players/P/ParhDy00.htm,90,Dylan Parham,2022,OL
/players/W/WhitRa01.htm,91,Rachaad White,2022,RB
/players/R/RhyaSe00.htm,92,Sean Rhyan,2022,OL
/players/D/DaviTy03.htm,93,Tyrion Davis-Price,2022,RB
/players/C/CorrMa00.htm,94,Matt Corral,2022,QB
/players/C/CartZa00.htm,95,Zachary Carter,2022,DE
/players/C/CrosNi00.htm,96,Nick Cross,2022,DB
/players/J/JoseKe03.htm,97,Kerby Joseph,2022,DB
/players/R/RobiBr01.htm,98,Brian Robinson Jr.,2022,RB
/players/B/BellDa02.htm,99,David Bell,2022,WR
/players/S/SandMy00.htm,100,Myjai Sanders,2022,DE
/players/R/RuckJe00.htm,101,Jeremy Ruckert,2022,TE
/players/T/TindCh00.htm,102,Channing Tindall,2022,LB
/players/C/ChenLe00.htm,103,Leo Chenal,2022,LB
/players/B/BrusLo00.htm,104,Logan Bruss,2022,OL
/players/G/GrayDa02.htm,105,Danny Gray,2022,WR
/players/O/OttoCa00.htm,106,Cade Otton,2022,TE
/players/P/PierDa01.htm,107,Dameon Pierce,2022,RB
/players/W/WinfPe00.htm,108,Perrion Winfrey,2022,DT
/players/B/BryaCo01.htm,109,Coby Bryant,2022,CB
/players/F/FaalDa00.htm,110,Daniel Faalele,2022,T
/players/M/MitcMa02.htm,111,Max Mitchell,2022,T
/players/B/BellDa00.htm,112,Daniel Bellinger,2022,TE
/players/B/ButlPe00.htm,113,Percy Butler,2022,SAF
/players/B/BeltDa00.htm,114,Dane Belton,2022,DB
/players/M/MathDa00.htm,115,Damarri Mathis,2022,DB
/players/U/UwazEy00.htm,116,Eyioma Uwazurike,2022,DE
/players/C/ClemMi03.htm,117,Micheal Clemons,2022,DT
/players/E/EvanAk00.htm,118,Akayleb Evans,2022,DB
/players/A/ArmoJa00.htm,119,Jalyn Armour-Davis,2022,DB
/players/S/SmitBr08.htm,120,Brandon Smith,2022,LB
/players/J/JoneJa10.htm,121,Jack Jones,2022,DB
/players/W/WhitZa01.htm,122,Zamir White,2022,RB
/players/S/SpilIs00.htm,123,Isaiah Spiller,2022,RB
/players/Y/YorkCa00.htm,124,Cade York,2022,K
/players/E/EzukEr00.htm,125,Erik Ezukanma,2022,WR
/players/F/FarrNe00.htm,126,Neil Farrell,2022,DT
/players/S/StroPi00.htm,127,Pierre Strong,2022,RB
/players/K/KolaCh00.htm,128,Charlie Kolar,2022,TE
/players/F/FergJa00.htm,129,Jake Ferguson,2022,TE
/players/S/StouJo00.htm,130,Jordan Stout,2022,P
/players/H/HaskHa00.htm,131,Hassan Haskins,2022,RB
/players/D/DoubRo00.htm,132,Romeo Doubs,2022,WR
/players/C/CamaJa00.htm,133,Jake Camarda,2022,P
/players/B/BurfSp00.htm,134,Spencer Burford,2022,OL
/players/W/WillJo03.htm,135,Joshua Williams,2022,CB
/players/V/VolsCo02.htm,136,Cordell Volson,2022,T
/players/Z/ZappBa00.htm,137,Bailey Zappe,2022,QB
/players/A/AustCa00.htm,138,Calvin Austin,2022,WR
/players/L/LikeIs00.htm,139,Isaiah Likely,2022,TE
/players/T/TomxZa00.htm,140,Zach Tom,2022,OL
/players/W/WillDa15.htm,141,Damarion Williams,2022,CB
/players/D/DuraDe01.htm,142,Cobie Durant,2022,DB
/players/O/OkonCh00.htm,143,Chigoziem Okonkwo,2022,TE
/players/H/HoweSa00.htm,144,Sam Howell,2022,QB
/players/K/KinnDa00.htm,145,Darian Kinnard,2022,T
/players/M/McFaMi01.htm,146,Micah McFadden,2022,LB
/players/D/DaviDJ00.htm,147,D.J. Davidson,2022,DT
/players/S/ShakKh00.htm,148,Khalil Shakir,2022,WR
/players/T/TurnCo00.htm,149,Cole Turner,2022,TE
/players/B/BookTh00.htm,150,Thomas Booker,2022,DE
/players/A/AllgTy00.htm,151,Tyler Allgeier,2022,RB
/players/T/TurnDe02.htm,152,Delarrin Turner-Yell,2022,SAF
/players/W/WoolTa00.htm,153,Tariq Woolen,2022,CB
/players/C/ConnSn00.htm,154,Snoop Conner,2022,RB
/players/W/WaleMa00.htm,155,Matt Waletzko,2022,OL
/players/F/FordJe00.htm,156,Jerome Ford,2022,RB
/players/M/McCoZy02.htm,157,Zyon McCollum,2022,DB
/players/S/SmitTy03.htm,158,Tyreke Smith,2022,DE
/players/J/JohnEr01.htm,159,Eric Johnson,2022,DT
/players/O/OgboOt00.htm,160,Otito Ogbonnia,2022,DT
/players/J/JackDM00.htm,161,D'Marco Jackson,2022,LB
/players/W/WashMo00.htm,162,Montrell Washington,2022,WR
/players/P/PhilKy01.htm,163,Kyle Philips,2022,WR
/players/W/WillKy02.htm,164,Kyren Williams,2022,RB
/players/O/OtomEs00.htm,165,Esezi Otomewo,2022,DT
/players/A/AndeTy00.htm,166,Tycen Anderson,2022,SAF
/players/B/BlanDa00.htm,167,DaRon Bland,2022,DB
/players/J/JoneBr08.htm,168,Braxton Jones,2022,OL
/players/C/ChanTy01.htm,169,Ty Chandler,2022,RB
/players/Q/QuitTe00.htm,170,Teagan Quitoriano,2022,TE
/players/W/WattLu00.htm,171,Luke Wattenberg,2022,OL
/players/W/WomaSa00.htm,172,Samuel Womack,2022,CB
/players/M/McKeMa01.htm,173,Marcus McKethan,2022,OL
/players/R/RobiDo00.htm,174,Dominique Robinson,2022,DE
/players/B/ButlMa02.htm,175,Matthew Butler,2022,DT
/players/C/ClarDa02.htm,176,Damone Clark,2022,LB
/players/M/MitcJa00.htm,177,James Mitchell,2022,TE
/players/R/RidgJo00.htm,178,John Ridgeway,2022,DT
/players/E/EnagKi00.htm,179,Kingsley Enagbare,2022,DE
/players/A/AraiMa00.htm,180,Matt Araiza,2022,P
/players/J/JohnKy02.htm,181,Kyron Johnson,2022,DE
/players/B/BeavDa00.htm,182,Darrian Beavers,2022,LB
/players/H/HarrKe01.htm,183,Kevin Harris,2022,RB
/players/L/LoweVe00.htm,184,Vederian Lowe,2022,OL
/players/B/BenfCh00.htm,185,Christian Benford,2022,DB
/players/T/ThomZa04.htm,186,Zachary Thomas,2022,OL
/players/Z/ZakeNi00.htm,187,Nick Zakelj,2022,OL
/players/R/RodrMa00.htm,188,Malcolm Rodriguez,2022,LB
/players/B/BarnAm00.htm,189,Amare Barno,2022,DE
/players/S/ShafJu00.htm,190,Justin Shaffer,2022,OL
/players/N/NailJa00.htm,191,Jalen Nailor,2022,WR
/players/O/OgleAn00.htm,192,Andrew Ogletree,2022,TE
/players/H/HarpDe00.htm,193,Devin Harper,2022,LB
/players/J/JackJo05.htm,194,Jordan Jackson,2022,DT
/players/S/SalyJa00.htm,195,Jamaree Salyer,2022,OL
/players/B/BadiTy00.htm,196,Tyler Badie,2022,RB
/players/J/JuniGr00.htm,197,Gregory Junior,2022,CB
/players/C/CalcGr00.htm,198,Grant Calcaterra,2022,TE
/players/M/MaysCa00.htm,199,Cade Mays,2022,OL
/players/R/RobeSa00.htm,200,Sam Roberts,2022,DE
/players/I/IngrKe01.htm,201,Keaontay Ingram,2022,RB
/players/W/WoodMi00.htm,202,Michael Woods II,2022,WR
/players/E/EbneTr00.htm,203,Trestan Ebner,2022,RB
/players/J/JackTh00.htm,204,Theo Jackson,2022,DB
/players/D/DecuAu00.htm,205,Austin Deculus,2022,T
/players/H/HennMa01.htm,206,Matt Henningsen,2022,DE
/players/K/KramDo00.htm,207,Doug Kramer,2022,OL
/players/H/HeywCo00.htm,208,Connor Heyward,2022,TE
/players/T/TenuLu00.htm,209,Luke Tenuta,2022,OL
/players/H/HineCh00.htm,210,Chasen Hines,2022,G
/players/L/LakeQu00.htm,211,Quentin Lake,2022,DB
/players/K/KendDe00.htm,212,Derion Kendrick,2022,DB
/players/F/FitzJo00.htm,213,John FitzPatrick,2022,TE
/players/T/TaylJa04.htm,214,Ja'Sir Taylor,2022,DB
/players/S/SmitLe01.htm,215,Lecitus Smith,2022,OL
/players/B/BrooCu00.htm,216,Curtis Brooks,2022,DT
/players/H/HousJa01.htm,217,James Houston,2022,LB
/players/K/KiefKo00.htm,218,Ko Kieft,2022,TE
/players/C/CampCh02.htm,219,Chance Campbell,2022,LB
/players/D/DaviKa01.htm,220,Kalia Davis,2022,DT
/players/C/CastTa00.htm,221,Tariq Castro-Fields,2022,CB
/players/B/BrowMo00.htm,222,Montaric Brown,2022,DB
/players/T/ThomIs01.htm,223,Isaiah Thomas,2022,DE
/players/G/GoodCa00.htm,224,Cameron Goode,2022,OLB
/players/R/RobiMa03.htm,225,Mark Robinson,2022,LB
/players/C/CartJa04.htm,226,Ja'Tyre Carter,2022,OL
/players/M/MuseNi00.htm,227,Nick Muse,2022,TE
/players/C/CarpTa00.htm,228,Tariq Carpenter,2022,DB
/players/M/MeltBo00.htm,229,Bo Melton,2022,WR
/players/P/PaulCh00.htm,230,Chris Paul,2022,OL
/players/S/SpecBa00.htm,231,Baylon Spector,2022,LB
/players/H/HickFa00.htm,232,Faion Hicks,2022,CB
/players/Y/YounDa02.htm,233,Dareke Young,2022,WR
/players/F/FordJo00.htm,234,Jonathan Ford,2022,DT
/players/H/HardDa01.htm,235,Daniel Hardy,2022,LB
/players/L/LeonDe00.htm,236,Deane Leonard,2022,DB
/players/L/LucaCh01.htm,237,Chase Lucas,2022,DB
/players/M/MunfTh00.htm,238,Thayer Munford,2022,OL
/players/T/ThomRo07.htm,239,Rodney Thomas II,2022,LB
/players/H/HolmCh00.htm,240,Christian Holmes,2022,CB
/players/O/OladCh00.htm,241,Chris Oladokun,2022,QB
/players/B/BarnKa00.htm,242,Kalon Barnes,2022,CB
/players/W/WatsJa02.htm,243,Jaylen Watson,2022,DB
/players/M/MattCh01.htm,244,Christian Matthew,2022,DB
/players/S/StueAn00.htm,245,Andrew Stueber,2022,OL
/players/D/DeatDa00.htm,246,Dawson Deaton,2022,OL
/players/T/ThomSk00.htm,247,Skylar Thompson,2022,QB
/players/A/AnthAn00.htm,248,Andre Anthony,2022,DE
/players/W/WalkRa00.htm,249,Rasheed Walker,2022,OL
/players/B/BrowBr06.htm,250,Brittain Brown,2022,RB
/players/P/PachIs00.htm,251,Isiah Pacheco,2022,RB
/players/G/GuntJe01.htm,252,Jeff Gunter,2022,OLB
/players/Y/YeasRu00.htm,253,Russ Yeast,2022,DB
/players/H/HickEl00.htm,254,Elijah Hicks,2022,SAF
/players/G/GillTr01.htm,255,Trenton Gill,2022,P
/players/L/LukeJe00.htm,256,Jesse Luketa,2022,LB
/players/H/HayeMa00.htm,257,Marquis Hayes,2022,OL
/players/T/TourSa00.htm,258,Samori Toure,2022,WR
/players/J/JohnNa01.htm,259,Nazeeh Johnson,2022,SAF
/players/H/HorvZa00.htm,260,Zander Horvath,2022,RB
/players/A/ArcuAJ00.htm,261,AJ Arcuri,2022,OT
/players/P/PurdBr00.htm,262,Brock Purdy,2022,QB
